Rank,Player,Team,Position,Age,PassCompletions,PassAttempts,PassYards,PassTouchdowns,Interceptions,RushAttempts,RushYards,RushYardsPerAttempt,RushTouchdowns,PassTargets,Receptions,ReceivingYards,ReceivingYardsPerAttempt,ReceivingTouchdowns,Fumbles,FumblesLost,Touchdowns,PPR,PositionRank,OverallRank,ID
1,Christian McCaffrey,SFO,RB,27,0,0,0,0,0,210,1032,4.91,12,62,51,429,8.41,5,3,2,17,295.1,1,1,McCaCh01
2,Tyreek Hill,MIA,WR,29,0,0,0,0,0,5,15,3,0,127,93,1481,15.92,12,1,1,12,312.6,1,2,HillTy00
3,CeeDee Lamb,DAL,WR,24,0,0,0,0,0,9,84,9.33,1,121,90,1182,13.13,7,2,1,8,264.6,2,3,LambCe00
4,Josh Allen,BUF,QB,27,295,433,3214,24,13,62,342,5.52,9,0,0,0,,0,4,3,9,286.8,1,4,AlleJo02
5,Raheem Mostert,MIA,RB,31,0,0,0,0,0,162,828,5.11,14,28,21,166,7.9,2,4,1,16,214.4,2,5,MostRa00
6,Jalen Hurts,PHI,QB,25,268,403,2995,19,10,121,430,3.55,12,0,0,0,,0,7,4,12,282.8,2,6,HurtJa00
7,Keenan Allen,LAC,WR,31,1,1,49,1,0,2,6,3,0,138,102,1175,11.52,7,2,1,7,266.1,3,7,AlleKe00
8,Mike Evans,TAM,WR,30,0,0,0,0,0,0,0,,0,103,61,1012,16.59,10,0,0,10,222.2,4,8,EvanMi00
9,A.J. Brown,PHI,WR,26,0,0,0,0,0,0,0,,0,118,81,1164,14.37,7,0,0,7,239.4,5,9,BrowAJ00
10,Travis Etienne,JAX,RB,24,0,0,0,0,0,205,771,3.76,8,52,40,346,8.65,1,0,0,9,209.7,3,10,EtieTr00
11,Ja'Marr Chase,CIN,WR,23,1,1,-7,0,0,3,-6,-2,0,124,86,1063,12.36,7,1,0,7,233.4,6,11,ChasJa00
12,Stefon Diggs,BUF,WR,30,0,0,0,0,0,0,0,,0,121,83,969,11.67,8,2,1,8,227.9,7,12,DiggSt00
13,Travis Kelce,KAN,TE,34,0,0,0,0,0,0,0,,0,93,74,813,10.99,5,1,1,5,183.3,1,13,KelcTr00
14,Dak Prescott,DAL,QB,30,288,411,3234,26,6,41,174,4.24,2,0,0,0,,0,1,0,2,254.8,3,14,PresDa01
15,Amon-Ra St. Brown,DET,WR,24,0,0,0,0,0,3,13,4.33,0,115,84,1042,12.4,6,1,1,6,223.5,8,15,StxxAm00
16,Sam LaPorta,DET,TE,22,0,0,0,0,0,0,0,,0,86,64,679,10.61,6,0,0,6,171.9,2,16,LaPoSa01
17,T.J. Hockenson,MIN,TE,26,0,0,0,0,0,0,0,,0,108,80,786,9.83,5,1,1,5,186.6,3,17,HockTJ00
18,George Kittle,SFO,TE,30,0,0,0,0,0,1,2,2,0,67,50,735,14.7,5,0,0,5,153.7,4,18,KittGe00
19,Nico Collins,HOU,WR,24,0,0,0,0,0,0,0,,0,85,59,991,16.8,6,0,0,6,194.1,9,19,CollNi00
20,D.J. Moore,CHI,WR,26,0,0,0,0,0,1,1,1,0,93,70,1003,14.33,6,1,1,6,204.4,10,20,MoorD.00
21,Derrick Henry,TEN,RB,29,1,2,2,1,0,197,841,4.27,8,28,22,185,8.41,0,0,0,8,176.7,4,21,HenrDe00
22,Puka Nacua,LAR,WR,22,0,0,0,0,0,5,45,9,0,118,77,1029,13.36,4,1,0,4,208.4,11,22,NacuPu00
23,Brandon Aiyuk,SFO,WR,25,0,0,0,0,0,0,0,,0,72,50,927,18.54,6,0,0,6,178.7,12,23,AiyuBr00
24,Kyren Williams,LAR,RB,23,0,0,0,0,0,134,687,5.13,7,35,22,190,8.64,3,1,0,10,169.7,5,24,WillKy02
25,Brian Robinson Jr.,WAS,RB,24,0,0,0,0,0,160,664,4.15,5,36,29,326,11.24,3,3,1,8,176,6,25,RobiBr01
26,Taysom Hill,NOR,TE,33,5,8,72,1,0,70,346,4.94,4,33,26,229,8.81,1,1,1,5,118.4,5,26,HillTa00
27,C.J. Stroud,HOU,QB,22,265,418,3540,20,5,35,143,4.09,3,1,1,0,0,0,7,4,3,238.9,4,27,StroCJ00
28,Sam Howell,WAS,QB,23,335,509,3466,18,14,40,243,6.08,5,0,0,0,,0,4,2,5,236.9,5,28,HoweSa00
29,Mark Andrews,BAL,TE,28,0,0,0,0,0,1,0,0,0,61,45,544,12.09,6,1,0,6,135.4,6,29,AndrMa00
30,Isiah Pacheco,KAN,RB,24,0,0,0,0,0,176,779,4.43,6,38,33,209,6.33,1,0,0,7,173.8,7,30,PachIs00
31,DeVonta Smith,PHI,WR,25,0,0,0,0,0,0,0,,0,87,64,834,13.03,6,0,0,6,183.4,13,31,SmitDe07
32,Joe Mixon,CIN,RB,27,0,0,0,0,0,180,689,3.83,6,47,39,281,7.21,1,0,0,7,178,10,32,MixoJo00
33,David Montgomery,DET,RB,26,0,0,0,0,0,151,704,4.66,10,15,9,87,9.67,0,2,1,10,148.1,9,33,MontDa01
34,Josh Jacobs,LVR,RB,25,0,0,0,0,0,220,771,3.5,6,52,35,280,8,0,3,1,6,174.1,8,34,JacoJo01
35,Tank Dell,HOU,WR,24,0,0,0,0,0,11,51,4.64,0,75,47,709,15.09,7,1,0,7,165,14,35,DellNa00
36,D.K. Metcalf,SEA,WR,26,0,0,0,0,0,0,0,,0,88,49,812,16.57,6,0,0,6,166.2,15,36,MetcDK00
37,Justin Herbert,LAC,QB,25,288,439,3038,20,6,52,228,4.38,3,1,1,10,10,0,4,1,3,232.3,6,37,HerbJu00
38,Deebo Samuel,SFO,WR,27,0,1,0,0,0,29,160,5.52,4,53,38,590,15.53,3,1,0,7,155,16,38,SamuDe00
39,Rachaad White,TAM,RB,24,0,0,0,0,0,176,643,3.65,5,51,46,386,8.39,1,1,1,6,182.9,11,39,WhitRa01
40,Brock Purdy,SFO,QB,24,233,332,3185,23,6,35,131,3.74,2,0,0,0,,0,6,2,2,228.5,7,40,PurdBr00
41,Michael Pittman Jr.,IND,WR,26,0,0,0,0,0,0,0,,0,127,87,889,10.22,4,1,0,4,201.9,17,41,PittMi01
42,Bijan Robinson,ATL,RB,21,0,0,0,0,0,159,756,4.75,3,54,35,266,7.6,3,2,2,6,169.2,12,42,RobiBi01
43,Gus Edwards,BAL,RB,28,0,0,0,0,0,141,590,4.18,10,11,10,130,13,0,1,0,10,144,13,43,EdwaGu00
44,Jake Ferguson,DAL,TE,24,0,0,0,0,0,0,0,,0,66,46,498,10.83,5,0,0,5,125.8,7,44,FergJa00
45,Courtland Sutton,DEN,WR,28,0,0,0,0,0,0,0,,0,75,50,637,12.74,9,3,3,9,161.7,18,45,SuttCo00
46,Jordan Addison,MIN,WR,21,0,0,0,0,0,1,2,2,0,82,54,686,12.7,7,0,0,7,164.8,19,46,AddiJo00
47,Cole Kmet,CHI,TE,24,0,0,0,0,0,3,2,0.67,0,68,56,482,8.61,5,1,0,5,134.4,8,47,KmetCo00
48,Patrick Mahomes,KAN,QB,28,301,444,3127,22,10,57,331,5.81,0,0,0,0,,0,3,2,0,222.2,8,48,MahoPa00
49,Lamar Jackson,BAL,QB,26,228,334,2618,13,5,112,574,5.13,5,0,0,0,,0,11,6,5,222.1,9,49,JackLa00
50,DeAndre Hopkins,TEN,WR,31,0,0,0,0,0,2,9,4.5,0,95,50,774,15.48,5,0,0,5,158.3,20,50,HopkDe00
51,Jordan Love,GNB,QB,25,250,408,2866,22,10,39,231,5.92,2,0,0,0,,0,6,0,2,221.7,10,51,LoveJo03
52,Tony Pollard,DAL,RB,26,0,0,0,0,0,180,737,4.09,5,50,42,248,5.9,0,3,1,5,170.5,14,52,PollTo00
53,Alvin Kamara,NOR,RB,28,0,0,0,0,0,133,508,3.82,4,69,60,413,6.88,1,0,0,5,188.1,15,53,KamaAl00
54,Chris Olave,NOR,WR,23,0,0,0,0,0,0,0,,0,111,68,890,13.09,3,0,0,3,175,21,54,OlavCh00
55,D'Andre Swift,PHI,RB,24,0,0,0,0,0,167,783,4.69,4,45,36,208,5.78,1,3,1,5,163.1,16,55,SwifDA00
56,Dalton Schultz,HOU,TE,27,0,0,0,0,0,0,0,,0,61,40,455,11.38,5,1,1,5,113.5,9,56,SchuDa00
57,Davante Adams,LVR,WR,31,0,0,0,0,0,0,0,,0,118,69,814,11.8,4,0,0,4,174.4,22,57,AdamDa01
58,Trey McBride,ARI,TE,24,0,0,0,0,0,0,0,,0,74,56,610,10.89,2,0,0,2,129,10,58,McBrTr01
59,Zack Moss,IND,RB,26,0,0,0,0,0,160,723,4.52,5,26,20,144,7.2,1,0,0,6,144.7,17,59,MossZa00
60,Calvin Ridley,JAX,WR,29,0,0,0,0,0,8,35,4.38,0,84,51,689,13.51,5,1,0,5,155.4,23,60,RidlCa00
61,Jakobi Meyers,LVR,WR,27,0,1,0,0,0,3,19,6.33,1,76,52,591,11.37,6,0,0,7,155,24,61,MeyeJa01
62,Adam Thielen,CAR,WR,33,0,0,0,0,0,1,6,6,0,106,80,753,9.41,4,1,0,4,181.9,25,62,ThieAd00
63,Kenneth Walker III,SEA,RB,23,0,0,0,0,0,149,613,4.11,6,23,17,173,10.18,1,0,0,7,137.6,18,63,WalkKe00
64,Jerome Ford,CLE,RB,24,0,0,0,0,0,154,647,4.2,3,44,30,196,6.53,3,1,1,6,150.3,19,64,FordJe00
65,James Cook,BUF,RB,24,0,0,0,0,0,153,731,4.78,1,39,33,308,9.33,2,2,1,3,152.9,20,65,CookJa01
66,Jahmyr Gibbs,DET,RB,21,0,0,0,0,0,117,626,5.35,5,54,42,272,6.48,0,0,0,5,161.8,21,66,GibbJa01
67,Jayden Reed,GNB,WR,23,0,0,0,0,0,7,81,11.57,1,64,40,513,12.83,5,2,0,6,137.4,26,67,ReedJa03
68,Hunter Henry,NWE,TE,29,0,0,0,0,0,0,0,,0,52,35,353,10.09,5,1,0,5,100.3,11,68,HenrHu00
69,Tua Tagovailoa,MIA,QB,25,281,401,3457,24,10,27,40,1.48,0,0,0,0,,0,10,4,0,210.3,11,69,TagoTu00
70,Breece Hall,NYJ,RB,22,0,0,0,0,0,137,585,4.27,2,57,44,349,7.93,2,2,0,4,161.4,22,70,HallBr03
71,George Pickens,PIT,WR,22,0,0,0,0,0,2,15,7.5,0,84,49,767,15.65,3,1,0,3,145.2,27,71,PickGe00
72,Evan Engram,JAX,TE,29,0,0,0,0,0,0,0,,0,91,73,606,8.3,1,2,1,1,137.6,12,72,EngrEv00
73,Gabriel Davis,BUF,WR,24,0,0,0,0,0,1,-2,-2,0,67,39,595,15.26,6,1,1,6,134.3,28,73,DaviGa01
74,De'Von Achane,MIA,RB,22,0,0,0,0,0,56,534,9.54,7,16,13,101,7.77,2,1,1,9,128.5,23,74,AchaDe00
75,Jared Goff,DET,QB,29,291,430,3288,20,8,28,21,0.75,2,0,0,0,,0,5,3,2,207.6,12,75,GoffJa00
76,Trevor Lawrence,JAX,QB,24,271,399,3004,14,7,56,248,4.43,4,0,0,0,,0,8,4,4,205,13,76,LawrTr00
77,Russell Wilson,DEN,QB,35,233,345,2385,21,7,63,310,4.92,2,0,0,0,,0,7,4,2,200.4,14,77,WilsRu00
78,Joshua Dobbs,2TM,QB,28,252,394,2401,13,10,72,400,5.56,6,0,0,0,,0,14,7,6,196,15,78,DobbJo00
79,Baker Mayfield,TAM,QB,28,260,409,2790,18,8,46,151,3.28,0,0,0,0,,0,7,2,0,182.7,16,,MayfBa00
80,Geno Smith,SEA,QB,33,259,402,2918,15,9,30,92,3.07,1,1,1,-2,-2,0,3,2,1,172.7,17,,SmitGe00
81,Matthew Stafford,LAR,QB,35,230,379,2768,16,9,17,69,4.06,0,0,0,0,,0,0,0,0,167.6,18,,StafMa00
82,Kirk Cousins,MIN,QB,35,216,311,2331,18,5,14,25,1.79,0,0,0,0,,0,7,4,0,149.7,19,,CousKi00
83,Joe Burrow,CIN,QB,27,244,365,2309,15,6,31,88,2.84,0,0,0,0,,0,2,1,0,147.2,20,,BurrJo01
84,Derek Carr,NOR,QB,32,261,394,2761,11,6,23,39,1.7,0,0,0,0,,0,6,3,0,142.3,21,,CarrDe02
85,Justin Fields,CHI,QB,24,143,222,1587,12,6,77,400,5.19,1,0,0,0,,0,7,4,1,137.5,22,,FielJu00
86,Gardner Minshew II,IND,QB,27,213,339,2284,10,7,23,52,2.26,3,0,0,0,,0,8,5,3,130.6,23,,MinsGa00
87,Desmond Ridder,ATL,QB,24,186,294,2029,8,8,42,180,4.29,4,1,1,-6,-6,0,8,6,4,129.6,24,,RiddDe00
88,Saquon Barkley,NYG,RB,26,0,0,0,0,0,165,697,4.22,1,40,28,168,6,4,1,1,5,142.5,24,,BarkSa00
89,Bryce Young,CAR,QB,22,231,381,2055,9,9,25,161,6.44,0,0,0,0,,0,7,4,0,112.3,25,,YounBr01
90,Kenny Pickett,PIT,QB,25,201,324,2070,6,4,42,54,1.29,1,0,0,0,,0,2,0,1,110.2,26,,PickKe00
91,Najee Harris,PIT,RB,25,0,0,0,0,0,171,690,4.04,4,33,24,149,6.21,0,1,0,4,131.9,25,,HarrNa00
92,Rhamondre Stevenson,NWE,RB,25,0,0,0,0,0,156,619,3.97,4,51,38,238,6.26,0,1,1,4,145.7,26,,StevRh00
93,Mac Jones,NWE,QB,25,224,345,2120,10,12,26,96,3.69,0,0,0,0,,0,3,2,0,106.4,27,,JoneMa05
94,Jaylen Warren,PIT,RB,25,0,0,0,0,0,109,612,5.61,3,53,42,272,6.48,0,2,1,3,146.4,27,,WarrJa01
95,Zach Wilson,NYJ,QB,24,190,321,1944,6,7,33,199,6.03,0,0,0,0,,0,9,5,0,101.7,28,,WilsZa00
96,Austin Ekeler,LAC,RB,28,0,0,0,0,0,126,446,3.54,4,47,31,295,9.52,1,3,3,5,129.1,28,,EkelAu00
97,Chuba Hubbard,CAR,RB,24,0,0,0,0,0,143,557,3.9,4,32,28,165,5.89,0,1,0,4,124.2,29,,HubbCh01
98,Romeo Doubs,GNB,WR,23,0,0,0,0,0,0,0,,0,74,45,505,11.22,7,0,0,7,137.5,31,,DoubRo00
99,Christian Kirk,JAX,WR,27,1,2,-1,0,0,1,6,6,0,85,57,787,13.81,3,2,2,3,150.3,30,,KirkCh01
100,Jaylen Waddle,MIA,WR,25,0,0,0,0,0,2,10,5,0,83,57,743,13.04,3,0,0,3,150.3,29,,WaddJa00
101,Amari Cooper,CLE,WR,29,0,0,0,0,0,0,0,,0,91,50,799,15.98,2,1,0,2,141.9,32,,CoopAm00
102,James Conner,ARI,RB,28,0,0,0,0,0,129,631,4.89,4,20,14,36,2.57,0,0,0,4,104.7,31,,ConnJa00
103,Alexander Mattison,MIN,RB,25,0,0,0,0,0,158,594,3.76,0,40,27,174,6.44,3,3,2,3,117.8,30,,MattAl01
104,Rashee Rice,KAN,WR,23,0,0,0,0,0,1,-3,-3,0,65,52,591,11.37,5,0,0,5,140.8,34,,RiceRa01
105,Garrett Wilson,NYJ,WR,23,0,1,0,0,0,1,6,6,0,120,67,745,11.12,3,2,2,3,156.1,33,,WilsGa00
106,Ezekiel Elliott,NWE,RB,28,0,0,0,0,0,134,497,3.71,2,39,31,226,7.29,1,2,1,3,119.3,32,,ElliEz00
107,Tyler Lockett,SEA,WR,31,0,0,0,0,0,0,0,,0,87,59,622,10.54,4,0,0,4,147.2,35,,LockTy00
108,Javonte Williams,DEN,RB,23,0,0,0,0,0,153,584,3.82,0,37,29,155,5.34,2,0,0,2,116.9,33,,WillJa10
109,Terry McLaurin,WAS,WR,28,0,0,0,0,0,0,0,,0,100,60,694,11.57,2,0,0,3,147.4,36,,McLaTe00
110,Deshaun Watson,CLE,QB,28,105,171,1115,7,4,26,142,5.46,1,0,0,0,,0,5,2,1,86.8,29,,WatsDe00
111,Zay Flowers,BAL,WR,23,0,0,0,0,0,8,56,7,1,80,58,613,10.57,2,0,0,3,142.9,37,,FlowZa00
112,Jonathan Taylor,IND,RB,24,0,0,0,0,0,100,414,4.14,4,19,16,137,8.56,1,0,0,5,101.1,34,,TaylJo02
113,Marquise Brown,ARI,WR,26,0,0,0,0,0,2,23,11.5,0,101,51,574,11.25,4,0,0,4,134.7,39,,BrowMa04
114,Brandin Cooks,DAL,WR,30,0,0,0,0,0,3,23,7.67,0,52,37,497,13.43,5,1,0,5,121,38,,CookBr00
115,Devin Singletary,HOU,RB,26,1,1,6,1,0,128,525,4.1,2,23,19,117,6.16,0,0,0,2,99.4,35,,SingDe00
116,Rashid Shaheed,NOR,WR,25,0,0,0,0,0,6,33,5.5,0,55,33,534,16.18,3,1,1,4,111.7,40,,ShahRa00
117,Tyler Allgeier,ATL,RB,23,0,0,0,0,0,143,492,3.44,3,17,12,83,6.92,0,0,0,3,89.5,37,,AllgTy00
118,AJ Dillon,GNB,RB,25,0,0,0,0,0,149,521,3.5,1,25,20,198,9.9,0,0,0,1,97.9,36,,DillAJ00
119,Chris Godwin,TAM,WR,27,0,1,0,0,0,2,33,16.5,1,85,53,606,11.43,1,0,0,2,130.9,41,,GodwCh00
120,Kareem Hunt,CLE,RB,28,0,0,0,0,0,101,334,3.31,6,13,10,59,5.9,0,0,0,6,85.3,38,,HuntKa00
121,D'Onta Foreman,CHI,RB,27,0,0,0,0,0,92,381,4.14,4,13,9,55,6.11,1,1,0,5,82.6,39,,ForeDO00
122,Justin Jefferson,MIN,WR,24,0,0,0,0,0,0,0,,0,53,36,571,15.86,3,1,1,3,109.1,43,,JeffJu00
123,Anthony Richardson,IND,QB,21,50,84,577,3,1,25,136,5.44,4,0,0,0,,0,3,1,4,72.7,30,,RichAn03
124,Christian Watson,GNB,WR,24,0,0,0,0,0,4,11,2.75,0,53,28,422,15.07,5,0,0,5,101.3,42,,WatsCh00
125,Will Levis,TEN,QB,24,107,185,1266,7,2,17,17,1,0,0,0,0,,0,4,2,0,72.3,31,,LeviWi00
126,Tutu Atwell,LAR,WR,24,0,0,0,0,0,4,35,8.75,0,62,37,476,12.86,3,0,0,3,108.1,44,,AtweTu00
127,Kyler Murray,ARI,QB,26,79,130,864,3,2,23,106,4.61,3,0,0,0,,0,3,0,3,71.2,32,,MurrKy00
128,Curtis Samuel,WAS,WR,27,0,0,0,0,0,4,20,5,1,68,51,508,9.96,2,0,0,3,121.8,45,,SamuCu00
129,Jahan Dotson,WAS,WR,23,0,0,0,0,0,0,0,,0,74,44,458,10.41,4,0,0,4,113.8,48,,DotsJa00
130,Josh Downs,IND,WR,22,0,0,0,0,0,0,0,,0,78,51,580,11.37,2,0,0,2,121,47,,DownJo00
131,Drake London,ATL,WR,22,1,1,22,0,0,0,0,,0,73,46,573,12.46,2,0,0,2,116.2,46,,LondDr00
132,Josh Reynolds,DET,WR,28,0,0,0,0,0,0,0,,0,44,28,450,16.07,4,1,1,4,95,49,,ReynJo00
133,Diontae Johnson,PIT,WR,27,0,0,0,0,0,0,0,,0,67,37,475,12.84,3,0,0,3,102.5,50,,JohnDi01
134,Jimmy Garoppolo,LVR,QB,32,110,168,1205,7,9,20,39,1.95,0,0,0,0,,0,1,0,0,64.1,33,,GaroJi00
135,Kendrick Bourne,NWE,WR,28,0,0,0,0,0,1,4,4,0,55,37,406,10.97,4,1,1,4,100,51,,BourKe00
136,Tommy DeVito,NYG,QB,25,66,105,697,7,3,21,83,3.95,1,0,0,0,,0,2,1,1,62.2,34,,DeViTo00
137,Tyler Boyd,CIN,WR,29,0,1,0,0,1,2,11,5.5,0,79,55,499,9.07,2,0,0,2,116,52,,BoydTy00
138,David Njoku,CLE,TE,27,0,0,0,0,0,0,0,,0,84,53,509,9.6,2,1,1,2,113.9,13,,NjokDa00
139,Antonio Gibson,WAS,RB,25,0,0,0,0,0,46,193,4.2,0,44,37,322,8.7,2,4,2,2,96.5,40,,GibsAn00
140,Dameon Pierce,HOU,RB,23,0,0,0,0,0,129,382,2.96,2,13,10,88,8.8,0,0,0,2,69,41,,PierDa01
141,Jaxon Smith-Njigba,SEA,WR,21,0,0,0,0,0,0,0,,0,68,45,468,10.4,2,0,0,2,103.8,53,,SmitJa06
142,Logan Thomas,WAS,TE,32,0,0,0,0,0,1,2,2,0,63,45,424,9.42,3,2,2,3,103.6,14,,ThomLo00
143,Tyjae Spears,TEN,RB,22,0,0,0,0,0,66,329,4.98,1,46,33,192,5.82,0,0,0,1,91.1,42,,SpeaTy00
144,Zach Charbonnet,SEA,RB,22,0,0,0,0,0,86,368,4.28,1,29,24,142,5.92,0,0,0,1,81,44,,CharZa00
145,Aaron Jones,GNB,RB,29,0,0,0,0,0,66,245,3.71,2,30,19,169,8.89,1,2,1,3,76.4,43,,JoneAa00
146,Daniel Jones,NYG,QB,26,108,160,909,2,6,40,206,5.15,1,0,0,0,,0,4,1,1,57,35,,JoneDa05
147,Dalton Kincaid,BUF,TE,24,0,0,0,0,0,0,0,,0,64,56,474,8.46,2,1,1,2,113.4,15,,KincDa00
148,Cooper Kupp,LAR,WR,30,0,0,0,0,0,0,0,,0,59,33,432,13.09,2,0,0,2,90.2,54,,KuppCo00
149,Jaleel McLaughlin,DEN,RB,23,0,0,0,0,0,51,296,5.8,1,23,21,89,4.24,2,0,0,3,77.5,45,,McLaJa00
150,Latavius Murray,BUF,RB,33,0,0,0,0,0,70,280,4,3,20,16,98,6.13,0,0,0,3,71.8,46,,MurrLa00
151,Michael Wilson,ARI,WR,23,0,0,0,0,0,0,0,,0,39,28,435,15.54,2,0,0,2,83.5,55,,WilsMi02
152,Jerry Jeudy,DEN,WR,24,0,0,0,0,0,0,0,,0,57,40,491,12.28,1,1,0,1,95.1,56,,JeudJe00
153,Aidan O'Connell,LVR,QB,25,113,178,1194,4,6,6,9,1.5,1,0,0,0,,0,4,2,1,54.7,36,,OConAi00
154,Kyle Pitts,ATL,TE,23,0,0,0,0,0,1,-4,-4,0,68,41,492,12,1,0,0,1,95.8,16,,PittKy00
155,Rondale Moore,ARI,WR,23,0,0,0,0,0,23,156,6.78,1,47,29,260,8.97,1,0,0,2,82.6,58,,MoorRo02
156,K.J. Osborn,MIN,WR,26,0,0,0,0,0,0,0,,0,55,36,418,11.61,2,1,0,2,89.8,57,,OsboKJ00
157,Samaje Perine,DEN,RB,28,0,0,0,0,0,37,174,4.7,1,39,35,342,9.77,0,3,2,1,88.6,47,,PeriSa00
158,Tyson Bagent,CHI,QB,23,94,143,859,3,6,23,109,4.74,2,0,0,0,,0,3,2,2,53.3,37,,BageTy00
159,Dallas Goedert,PHI,TE,28,0,0,0,0,0,0,0,,0,52,38,410,10.79,2,0,0,2,91,18,,GoedDa00
160,Elijah Moore,CLE,WR,23,0,0,0,0,0,9,11,1.22,0,85,47,501,10.66,1,2,2,1,100.2,59,,MoorEl00
161,Cade Otton,TAM,TE,24,0,0,0,0,0,0,0,,0,50,38,348,9.16,3,1,1,3,90.8,19,,OttoCa00
162,Khalil Shakir,BUF,WR,23,0,0,0,0,0,0,0,,0,30,25,410,16.4,2,1,0,2,78,60,,ShakKh00
163,Jonnu Smith,ATL,TE,28,0,1,0,0,0,1,0,0,0,48,37,433,11.7,2,1,1,2,90.3,17,,SmitJo01
164,Rico Dowdle,DAL,RB,25,0,0,0,0,0,63,261,4.14,1,12,11,76,6.91,2,0,0,3,62.7,50,,DowdRi01
165,Justice Hill,BAL,RB,26,0,0,0,0,0,66,290,4.39,3,18,16,73,4.56,0,1,1,3,68.3,48,,HillJu00
166,Joshua Kelley,LAC,RB,26,0,0,0,0,0,94,376,4,2,11,7,26,3.71,0,0,0,2,59.2,49,,KellJo01
167,Odell Beckham Jr.,BAL,WR,31,0,0,0,0,0,0,0,,0,47,27,408,15.11,2,1,1,2,77.8,61,,BeckOd00
168,Ryan Tannehill,TEN,QB,35,98,158,1128,2,6,12,40,3.33,1,0,0,0,,0,3,0,1,51.1,38,,TannRy00
169,Michael Thomas,NOR,WR,30,0,0,0,0,0,0,0,,0,64,39,448,11.49,1,0,0,1,89.8,62,,ThomMi05
170,Noah Brown,HOU,WR,27,0,0,0,0,0,1,-1,-1,0,30,21,439,20.9,1,0,0,1,70.8,65,,BrowNo00
171,DJ Chark,CAR,WR,27,0,0,0,0,0,0,0,,0,42,23,319,13.87,3,0,0,3,72.9,63,,CharDJ00
172,Kalif Raymond,DET,WR,29,0,0,0,0,0,6,67,11.17,0,34,26,372,14.31,1,1,0,1,75.9,64,,RaymKa00
173,Darius Slayton,NYG,WR,26,0,0,0,0,0,0,0,,0,53,32,435,13.59,1,0,0,1,81.5,66,,SlayDa01
174,Khalil Herbert,CHI,RB,25,0,0,0,0,0,73,331,4.53,0,23,14,103,7.36,1,1,1,1,63.4,51,,HerbKh00
175,Tyler Higbee,LAR,TE,30,0,0,0,0,0,0,0,,0,55,34,367,10.79,2,0,0,2,82.7,20,,HigbTy00
176,Nick Westbrook-Ikhine,TEN,WR,26,0,0,0,0,0,0,0,,0,39,25,309,12.36,3,0,0,3,73.9,67,,WestNi00
177,Jake Browning,CIN,QB,27,59,78,649,3,1,10,70,7,1,1,1,-7,-7,0,1,0,1,49.3,39,,BrowJa08
178,Tee Higgins,CIN,WR,24,0,0,0,0,0,0,0,,0,54,30,364,12.13,2,0,0,2,78.4,68,,HiggTe00
179,Miles Sanders,CAR,RB,26,0,0,0,0,0,105,325,3.1,1,35,22,126,5.73,0,2,2,1,69.1,52,,SandMi01
180,Nelson Agholor,BAL,WR,30,0,0,0,0,0,0,0,,0,28,20,282,14.1,3,1,0,3,66.2,69,,AghoNe00
181,Kenneth Gainwell,PHI,RB,24,0,0,0,0,0,59,207,3.51,2,28,23,130,5.65,0,2,1,2,68.7,54,,GainKe00
182,Keaton Mitchell,BAL,RB,21,0,0,0,0,0,29,269,9.28,2,7,6,70,11.67,0,0,0,2,51.9,53,,MitcKe01
183,Tyler Conklin,NYJ,TE,28,0,0,0,0,0,0,0,,0,59,42,449,10.69,0,0,0,0,86.9,21,,ConkTy00
184,Alec Pierce,IND,WR,23,0,0,0,0,0,0,0,,0,45,25,391,15.64,1,0,0,1,70.1,70,,PierAl00
185,Gerald Everett,LAC,TE,29,0,0,0,0,0,2,4,2,0,36,29,254,8.76,3,2,0,3,72.8,23,,EverGe00
186,KaVontae Turpin,DAL,WR,27,0,0,0,0,0,8,79,9.88,1,16,11,123,11.18,3,1,0,4,55.2,71,,TurpKa00
187,Darren Waller,NYG,TE,31,0,0,0,0,0,0,0,,0,51,36,384,10.67,1,0,0,1,80.4,22,,WallDa01
188,Donald Parham,LAC,TE,26,0,0,0,0,0,0,0,,0,33,21,191,9.1,4,0,0,4,64.1,24,,ParhDo00
189,Justin Watson,KAN,WR,27,0,0,0,0,0,0,0,,0,39,20,332,16.6,2,1,1,2,63.2,72,,WatsJu01
190,Demario Douglas,NWE,WR,23,0,0,0,0,0,4,29,7.25,0,55,36,410,11.39,0,3,1,0,77.9,74,,DougDe00
191,Michael Gallup,DAL,WR,27,0,0,0,0,0,0,0,,0,47,28,357,12.75,1,0,0,1,69.7,75,,GallMi00
192,Roschon Johnson,CHI,RB,22,0,0,0,0,0,54,232,4.3,1,28,24,131,5.46,0,1,0,1,66.3,55,,JohnRo07
193,Darnell Mooney,CHI,WR,26,0,0,0,0,0,2,5,2.5,0,42,25,351,14.04,1,0,0,1,66.6,77,,MoonDa00
194,Josh Palmer,LAC,WR,24,0,0,0,0,0,0,0,,0,39,23,377,16.39,1,1,1,1,64.7,76,,PalmJo00
195,Dontayvion Wicks,GNB,WR,22,1,1,14,0,0,1,1,1,0,36,23,374,16.26,1,2,1,1,65.1,73,,WickDo00
196,Royce Freeman,LAR,RB,27,0,0,0,0,0,64,292,4.56,2,1,0,0,,0,0,0,2,41.2,56,,FreeRo00
197,Marvin Mims,DEN,WR,21,0,0,0,0,0,7,18,2.57,0,23,16,287,17.94,1,1,1,2,56.5,78,,MimsMa00
198,Tyrod Taylor,NYG,QB,34,57,87,579,2,0,22,98,4.45,0,0,0,0,,0,2,0,0,41,40,,TaylTy00
199,Luke Musgrave,GNB,TE,23,0,0,0,0,0,0,0,,0,45,33,341,10.33,1,0,0,1,73.1,25,,MusgLu00
200,Jameson Williams,DET,WR,22,0,0,0,0,0,1,19,19,1,24,13,195,15,2,0,0,3,52.4,79,,WillJa11
201,Robert Woods,HOU,WR,31,0,0,0,0,0,0,0,,0,57,30,326,10.87,1,0,0,1,68.6,80,,WoodRo02
202,Trey Palmer,TAM,WR,22,0,0,0,0,0,2,19,9.5,0,48,27,239,8.85,2,1,0,2,64.8,81,,PalmTr00
203,Pat Freiermuth,PIT,TE,25,0,0,0,0,0,0,0,,0,37,24,227,9.46,2,0,0,2,60.7,26,,FreiPa00
204,Noah Gray,KAN,TE,24,0,0,0,0,0,1,1,1,0,29,22,246,11.18,2,0,0,2,58.7,27,,GrayNo00
205,Taylor Heinicke,ATL,QB,30,41,74,498,3,1,9,68,7.56,0,0,0,0,,0,0,0,0,36.7,41,,HeinTa00
206,Jerick McKinnon,KAN,RB,31,0,0,0,0,0,13,30,2.31,0,26,19,155,8.16,3,0,0,3,55.5,57,,McKiJe00
207,Cam Akers,2TM,RB,24,0,0,0,0,0,60,167,2.78,2,12,11,70,6.36,0,0,0,2,46.7,58,,AkerCa00
208,Jonathan Mingo,CAR,WR,22,0,0,0,0,0,0,0,,0,67,34,355,10.44,0,1,0,0,69.5,82,,MingJo00
209,Mitchell Trubisky,PIT,QB,29,51,84,463,3,3,14,53,3.79,1,0,0,0,,0,1,1,1,35.8,42,,TrubMi00
210,Jake Bobo,SEA,WR,25,0,0,0,0,0,1,3,3,1,19,15,171,11.4,2,0,0,3,50.4,83,,BoboJa00
211,Allen Lazard,NYJ,WR,28,0,0,0,0,0,0,0,,0,42,20,290,14.5,1,0,0,1,55,85,,LazaAl00
212,Wan'Dale Robinson,NYG,WR,22,0,0,0,0,0,6,27,4.5,0,45,36,265,7.36,1,0,0,1,71.2,84,,RobiWa01
213,Darrell Henderson,LAR,RB,26,0,0,0,0,0,46,112,2.43,2,14,10,103,10.3,0,0,0,2,43.5,59,,HendDa00
214,Emari Demercado,ARI,RB,24,0,0,0,0,0,52,210,4.04,1,16,12,64,5.33,0,0,0,1,45.4,60,,DemeEm00
215,Jalin Hyatt,NYG,WR,22,0,0,0,0,0,0,0,,0,28,17,330,19.41,0,1,0,0,50,87,,HyatJa00
216,Michael Mayer,LVR,TE,22,0,0,0,0,0,0,0,,0,33,22,251,11.41,1,0,0,1,55.1,28,,MayeMi00
217,Chris Moore,TEN,WR,30,0,0,0,0,0,2,39,19.5,0,21,13,292,22.46,0,1,0,0,46.1,86,,MoorCh00
218,Skyy Moore,KAN,WR,23,0,0,0,0,0,3,23,7.67,0,37,21,244,11.62,1,0,0,1,53.7,88,,MoorSk01
219,Brandon Powell,MIN,WR,28,0,0,0,0,0,5,17,3.4,0,34,25,269,10.76,1,1,1,1,57.6,89,,PoweBr00
220,Chigoziem Okonkwo,TEN,TE,24,0,0,0,0,0,2,6,3,0,54,35,313,8.94,0,0,0,0,66.9,29,,OkonCh00
221,JuJu Smith-Schuster,NWE,WR,27,0,0,0,0,0,0,0,,0,47,29,260,8.97,1,0,0,1,61,90,,SmitJu00
222,Rashod Bateman,BAL,WR,24,0,0,0,0,0,1,18,18,0,36,22,236,10.73,1,0,0,1,53.4,91,,BateRa00
223,Ty Chandler,MIN,RB,25,0,0,0,0,0,37,168,4.54,1,12,10,83,8.3,0,0,0,1,41.1,61,,ChanTy01
224,Kylen Granson,IND,TE,25,0,0,0,0,0,1,2,2,0,34,20,247,12.35,1,0,0,1,50.9,30,,GranKy00
225,Zay Jones,JAX,WR,28,0,0,0,0,0,0,0,,0,33,18,186,10.33,2,0,0,2,48.6,94,,JoneZa00
226,Marquez Valdes-Scantling,KAN,WR,29,0,0,0,0,0,0,0,,0,33,17,273,16.06,1,1,1,1,48.3,92,,ValdMa00
227,Mike Williams,LAC,WR,29,0,0,0,0,0,1,3,3,0,26,19,249,13.11,1,0,0,1,50.2,93,,WillMi07
228,Noah Fant,SEA,TE,26,0,0,0,0,0,0,0,,0,28,22,304,13.82,0,0,0,0,52.4,31,,FantNo00
229,Trenton Irwin,CIN,WR,28,0,0,0,0,0,0,0,,0,24,18,241,13.39,1,2,0,1,48.1,97,,IrwiTr00
230,Jauan Jennings,SFO,WR,26,0,0,0,0,0,0,0,,0,30,17,240,14.12,1,0,0,1,47,98,,JennJa00
231,Brandon Johnson,DEN,WR,25,0,0,0,0,0,0,0,,0,13,8,122,15.25,3,0,0,3,38.2,96,,JohnBr23
232,Quentin Johnston,LAC,WR,22,0,0,0,0,0,1,2,2,0,44,26,242,9.31,1,0,0,1,56.4,95,,JohnQu02
233,Bailey Zappe,NWE,QB,24,51,92,539,3,3,7,29,4.14,0,0,0,0,,0,0,0,0,30.5,43,,ZappBa00
234,Cedrick Wilson Jr.,MIA,WR,28,0,0,0,0,0,0,0,,0,19,12,171,14.25,2,0,0,2,41.1,99,,WilsCe01
235,Calvin Austin,PIT,WR,24,0,0,0,0,0,9,42,4.67,0,28,17,180,10.59,1,1,0,1,45.2,100,,AustCa00
236,Salvon Ahmed,MIA,RB,25,0,0,0,0,0,22,61,2.77,1,23,16,88,5.5,1,0,0,2,42.9,63,,AhmeSa01
237,Braxton Berrios,MIA,WR,28,0,0,0,0,0,1,11,11,0,26,20,194,9.7,1,1,0,1,46.5,101,,BerrBr00
238,Andrew Ogletree,IND,TE,25,0,0,0,0,0,0,0,,0,18,9,147,16.33,2,0,0,2,35.7,32,,OgleAn00
239,Pierre Strong,CLE,RB,25,0,0,0,0,0,37,173,4.68,1,4,3,38,12.67,0,0,0,1,30.1,62,,StroPi00
240,Matt Breida,NYG,RB,28,0,0,0,0,0,50,125,2.5,1,17,14,74,5.29,0,1,0,1,39.9,65,,BreiMa00
241,Jordan Mason,SFO,RB,24,0,0,0,0,0,23,127,5.52,2,2,1,13,13,0,0,0,2,27,64,,MasoJo00
242,DeVante Parker,NWE,WR,30,0,0,0,0,0,0,0,,0,39,22,264,12,0,0,0,0,48.4,102,,ParkDe01
243,Tommy Tremble,CAR,TE,23,0,0,0,0,0,0,0,,0,16,13,84,6.46,3,0,0,3,39.4,33,,TremTo00
244,Zach Ertz,ARI,TE,33,0,0,0,0,0,0,0,,0,43,27,187,6.93,1,0,0,1,51.7,35,,ErtzZa00
245,Isaiah Hodgins,NYG,WR,25,0,0,0,0,0,0,0,,0,25,15,154,10.27,2,1,1,2,40.4,103,,HodgIs00
246,Mack Hollins,ATL,WR,30,0,0,0,0,0,0,0,,0,29,17,247,14.53,0,0,0,0,41.7,104,,HollMa00
247,Tony Jones,2TM,RB,26,0,0,0,0,0,26,95,3.65,2,10,7,37,5.29,0,0,0,2,32.2,66,,JoneTo04
248,Craig Reynolds,DET,RB,27,0,0,0,0,0,41,179,4.37,1,5,5,47,9.4,0,2,2,1,29.6,67,,ReynCr00
249,Adam Trautman,DEN,TE,26,0,0,0,0,0,0,0,,0,25,17,131,7.71,2,0,0,2,42.1,34,,TrauAd00
250,Andy Dalton,CAR,QB,36,34,58,361,2,0,3,12,4,0,0,0,0,,0,0,0,0,23.6,44,,DaltAn00
251,Clyde Edwards-Helaire,KAN,RB,24,0,0,0,0,0,40,140,3.5,1,9,7,44,6.29,0,0,0,1,31.4,68,,EdwaCl00
252,Mike Gesicki,NWE,TE,28,0,0,0,0,0,0,0,,0,32,21,182,8.67,1,0,0,1,45.2,37,,GesiMi00
253,Hayden Hurst,CAR,TE,30,0,0,0,0,0,0,0,,0,32,18,184,10.22,1,0,0,1,42.4,36,,HursHa00
254,Jalen Tolbert,DAL,WR,24,0,0,0,0,0,0,0,,0,29,17,200,11.76,1,1,1,1,41,105,,TolbJa00
255,Olamide Zaccheaus,PHI,WR,26,0,0,0,0,0,0,0,,0,14,7,116,16.57,2,0,0,2,30.6,106,,ZaccOl01
256,Dyami Brown,WAS,WR,24,0,0,0,0,0,1,0,0,0,22,12,168,14,1,0,0,1,34.8,107,,BrowDy00
257,Pharaoh Brown,NWE,TE,29,0,0,0,0,0,0,0,,0,8,8,174,21.75,1,0,0,1,31.4,38,,BrowPh01
258,Harrison Bryant,CLE,TE,25,0,0,0,0,0,5,8,1.6,0,15,10,61,6.1,3,1,1,3,32.9,39,,BryaHa00
259,Dalvin Cook,NYJ,RB,28,0,0,0,0,0,59,197,3.34,0,18,13,77,5.92,0,2,2,0,36.4,69,,CookDa01
260,Darrynton Evans,2TM,RB,25,0,0,0,0,0,32,121,3.78,1,12,7,49,7,0,0,0,1,30,70,,EvanDa02
261,Tanner Hudson,CIN,TE,29,0,0,0,0,0,0,0,,0,31,26,228,8.77,0,0,0,0,48.8,40,,HudsTa00
262,Allen Robinson,PIT,WR,30,0,0,0,0,0,0,0,,0,41,27,225,8.33,0,0,0,0,49.5,108,,RobiAl02
263,Josh Oliver,MIN,TE,26,0,0,0,0,0,0,0,,0,18,16,118,7.38,2,1,1,2,37.8,41,,OlivJo00
264,Tre Tucker,LVR,WR,22,0,0,0,0,0,7,63,9,0,18,8,161,20.13,0,0,0,0,30.4,109,,TuckTr00
265,Jamison Crowder,WAS,WR,30,0,0,0,0,0,0,0,,0,18,15,151,10.07,1,1,0,1,36.1,112,,CrowJa00
266,Xavier Gipson,NYJ,WR,22,0,0,0,0,0,5,35,7,0,17,12,159,13.25,0,4,2,1,33.4,110,,GipsXa00
267,D'Ernest Johnson,JAX,RB,27,0,0,0,0,0,31,90,2.9,0,9,8,124,15.5,0,0,0,0,29.4,71,,JohnDE04
268,Hunter Renfrow,LVR,WR,28,0,0,0,0,0,0,0,,0,29,22,209,9.5,0,0,0,0,42.9,113,,RenfHu00
269,Drew Sample,CIN,TE,27,0,0,0,0,0,0,0,,0,15,12,93,7.75,2,0,0,2,33.3,42,,SampDr00
270,Kadarius Toney,KAN,WR,24,0,1,0,0,0,9,15,1.67,0,30,22,139,6.32,1,1,0,1,43.4,111,,ToneKa00
271,KhaDarel Hodge,ATL,WR,28,0,0,0,0,0,1,0,0,0,16,11,199,18.09,0,1,0,0,30.9,115,,HodgKh00
272,Juwan Johnson,NOR,TE,27,0,0,0,0,0,0,0,,0,32,18,142,7.89,1,0,0,1,38.2,44,,JohnJu02
273,Scott Miller,ATL,WR,26,0,0,0,0,0,0,0,,0,10,8,80,10,2,0,0,2,28,114,,MillSc01
274,Foster Moreau,NOR,TE,26,0,0,0,0,0,0,0,,0,14,13,143,11,1,0,0,1,33.3,43,,MoreFo00
275,Dorian Thompson-Robinson,CLE,QB,24,58,109,429,1,4,12,65,5.42,0,0,0,0,,0,2,0,0,19.7,46,,ThomDo02
276,P.J. Walker,CLE,QB,28,54,111,674,1,5,13,30,2.31,0,0,0,0,,0,4,2,0,20,45,,WalkPh00
277,Nick Chubb,CLE,RB,28,0,0,0,0,0,28,170,6.07,0,4,4,21,5.25,0,0,0,0,23.1,73,,ChubNi00
278,Kyle Juszczyk,SFO,FB,32,0,0,0,0,0,5,6,1.2,0,10,8,65,8.13,2,0,0,2,27.1,74,,JuszKy00
279,Kendre Miller,NOR,RB,21,0,0,0,0,0,28,83,2.96,0,10,9,111,12.33,0,0,0,0,28.4,72,,MillKe01
280,Derius Davis,LAC,WR,23,0,0,0,0,0,9,74,8.22,0,13,12,44,3.67,0,2,0,1,29.8,118,,DaviDe02
281,Greg Dortch,ARI,WR,25,0,0,0,0,0,0,0,,0,22,11,124,11.27,1,0,0,1,29.4,116,,DortGr01
282,Brevin Jordan,HOU,TE,23,0,0,0,0,0,0,0,,0,11,9,124,13.78,1,0,0,1,27.4,45,,JordBr00
283,Dawson Knox,BUF,TE,27,0,0,0,0,0,0,0,,0,28,15,102,6.8,1,0,0,1,33.2,46,,KnoxDa00
284,Luke Schoonmaker,DAL,TE,25,0,0,0,0,0,0,0,,0,14,7,61,8.71,2,0,0,2,25.1,47,,SchoLu00
285,Durham Smythe,MIA,TE,28,0,0,0,0,0,0,0,,0,25,18,178,9.89,0,0,0,0,35.8,48,,SmytDu00
286,Deven Thompkins,TAM,WR,24,0,0,0,0,0,7,57,8.14,0,22,15,82,5.47,1,3,1,1,32.9,117,,ThomDe07
287,Jamaal Williams,NOR,RB,28,0,0,0,0,0,52,147,2.83,0,10,9,34,3.78,0,1,0,0,27.1,75,,WillJa06
288,Robbie Chosen,MIA,WR,30,0,0,0,0,0,0,0,,0,4,3,107,35.67,1,0,0,1,19.7,121,,AndeRo04
289,Tank Bigsby,JAX,RB,22,0,0,0,0,0,36,86,2.39,2,4,1,6,6,0,2,2,2,18.2,76,,BigsTa00
290,Michael Carter,2TM,RB,24,0,0,0,0,0,16,82,5.13,0,24,19,83,4.37,0,0,0,0,35.5,78,,CartMi03
291,Damien Harris,BUF,RB,26,0,0,0,0,0,23,94,4.09,1,2,2,16,8,0,0,0,1,19,77,,HarrDa06
292,Deonte Harty,BUF,WR,26,0,0,0,0,0,4,0,0,0,19,13,113,8.69,1,1,0,1,30.3,119,,HarrDe07
293,Van Jefferson,2TM,WR,27,0,0,0,0,0,1,4,4,0,31,14,164,11.71,0,0,0,0,30.8,120,,JeffVa00
294,Demarcus Robinson,LAR,WR,29,0,0,0,0,0,0,0,,0,10,9,107,11.89,1,0,0,1,25.7,122,,RobiDe01
295,Mo Alie-Cox,IND,TE,30,0,0,0,0,0,0,0,,0,10,6,102,17,1,0,0,1,22.2,50,,AlieMo00
296,River Cracraft,MIA,WR,29,0,0,0,0,0,0,0,,0,10,8,103,12.88,1,0,0,1,24.3,123,,CracRi00
297,Joe Flacco,CLE,QB,38,23,44,254,2,1,0,0,,0,0,0,0,,0,0,0,0,16.2,47,,FlacJo00
298,Connor Heyward,PIT,TE,24,0,1,0,0,0,1,0,0,0,32,21,163,7.76,0,0,0,0,37.3,49,,HeywCo00
299,Andrei Iosivas,CIN,WR,24,0,0,0,0,0,0,0,,0,8,5,39,7.8,2,0,0,2,20.9,124,,IosiAn00
300,Tucker Kraft,GNB,TE,23,0,0,0,0,0,0,0,,0,15,10,95,9.5,1,0,0,1,25.5,51,,KrafTu00
301,Cordarrelle Patterson,ATL,RB,32,0,0,0,0,0,30,130,4.33,0,7,6,29,4.83,0,1,0,0,21.9,80,,PattCo00
302,Jeff Wilson,MIA,RB,28,0,0,0,0,0,22,96,4.36,0,10,9,67,7.44,0,0,0,0,25.3,79,,WilsJe01
303,Daniel Bellinger,NYG,TE,23,0,0,0,0,0,0,0,,0,15,13,145,11.15,0,0,0,0,27.5,55,,BellDa00
304,Austin Hooper,LVR,TE,29,0,0,0,0,0,0,0,,0,18,15,149,9.93,0,0,0,0,29.9,54,,HoopAu00
305,Elijah Mitchell,SFO,RB,25,0,0,0,0,0,44,149,3.39,0,6,4,-1,-0.25,0,0,0,0,18.8,81,,MitcEl00
306,Colby Parkinson,SEA,TE,24,0,0,0,0,0,0,0,,0,20,14,150,10.71,0,0,0,0,29,53,,ParkCo02
307,Kyle Philips,TEN,WR,24,0,0,0,0,0,0,0,,0,19,13,166,12.77,0,1,1,0,27.6,125,,PhilKy01
308,Josh Whyle,TEN,TE,24,0,0,0,0,0,0,0,,0,15,9,94,10.44,1,0,0,1,24.4,52,,WhylJo01
309,Brock Wright,DET,TE,25,0,0,0,0,0,0,0,,0,12,11,85,7.73,1,0,0,1,25.5,56,,WrigBr01
310,Treylon Burks,TEN,WR,23,0,0,0,0,0,2,14,7,0,18,8,122,15.25,0,0,0,0,21.6,127,,BurkTr00
311,Ty Johnson,BUF,RB,26,0,0,0,0,0,10,32,3.2,0,3,3,47,15.67,1,0,0,1,16.9,82,,JohnTy02
312,Ray-Ray McCloud,SFO,WR,27,0,0,0,0,0,2,23,11.5,0,11,9,113,12.56,0,1,0,0,22.6,128,,McClRa00
313,John Metchie,HOU,WR,23,0,0,0,0,0,0,0,,0,16,12,138,11.5,0,0,0,0,25.8,126,,MetcJo00
314,A.T. Perry,NOR,WR,24,0,0,0,0,0,0,0,,0,9,4,75,18.75,1,0,0,1,17.5,130,,PerrAT00
315,Byron Pringle,WAS,WR,30,0,0,0,0,0,0,0,,0,18,13,156,12,0,1,1,0,26.6,129,,PrinBy00
316,Chris Rodriguez,WAS,RB,23,0,0,0,0,0,31,154,4.97,0,1,1,5,5,0,1,1,0,14.9,83,,RodrCh00
317,Stone Smartt,LAC,TE,25,0,0,0,0,0,0,0,,0,12,3,80,26.67,1,0,0,1,17,57,,SmarSt00
318,Irv Smith Jr.,CIN,TE,25,0,0,0,0,0,0,0,,0,23,16,97,6.06,1,1,1,1,29.7,58,,SmitIr01
319,John Bates,WAS,TE,26,0,0,0,0,0,0,0,,0,20,15,131,8.73,0,0,0,0,28.1,60,,BateJo00
320,Chase Claypool,2TM,WR,25,0,0,0,0,0,0,0,,0,16,5,66,13.2,1,0,0,1,17.6,132,,ClayCh01
321,Jimmy Graham,NOR,TE,37,0,0,0,0,0,0,0,,0,3,2,14,7,2,0,0,2,15.4,59,,GrahJi00
322,Lil'Jordan Humphrey,DEN,WR,25,0,0,0,0,0,0,0,,0,9,7,65,9.29,1,0,0,1,19.5,133,,HumpLi01
323,Isaiah Likely,BAL,TE,23,0,0,0,0,0,0,0,,0,18,13,129,9.92,0,0,0,0,25.9,61,,LikeIs00
324,Terrace Marshall Jr.,CAR,WR,23,0,0,0,0,0,0,0,,0,32,18,134,7.44,0,1,0,0,31.4,131,,MarsTe00
325,Ameer Abdullah,LVR,RB,30,0,0,0,0,0,5,30,6,0,17,12,85,7.08,0,0,0,0,23.5,86,,AbduAm00
326,Andrew Beck,HOU,FB,27,0,0,0,0,0,5,3,0.6,1,7,5,19,3.8,0,1,1,2,17.2,84,,BeckAn01
327,Luke Farrell,JAX,TE,26,0,0,0,0,0,0,0,,0,13,11,120,10.91,0,0,0,0,23,63,,FarrLu00
328,MyCole Pruitt,ATL,TE,31,0,0,0,0,0,0,0,,0,8,5,64,12.8,1,0,0,1,17.4,62,,PruiMy00
329,Boston Scott,PHI,RB,28,0,0,0,0,0,13,69,5.31,0,5,4,52,13,0,0,0,0,16.1,85,,ScotBo02
330,Laviska Shenault Jr.,CAR,WR,25,0,0,0,0,0,12,55,4.58,0,10,10,60,6,0,1,0,0,21.5,135,,ShenLa00
331,Cole Turner,WAS,TE,23,0,0,0,0,0,0,0,,0,15,11,120,10.91,0,0,0,0,23,64,,TurnCo00
332,C.J. Uzomah,NYJ,TE,30,0,0,0,0,0,0,0,,0,12,8,58,7.25,1,0,0,1,19.8,65,,UzomC.00
333,Parker Washington,JAX,WR,21,0,0,0,0,0,0,0,,0,6,6,61,10.17,1,1,0,1,18.1,134,,WashPa01
334,Jameis Winston,NOR,QB,29,25,47,264,2,3,3,-4,-1.33,0,0,0,0,,0,0,0,0,12.2,48,,WinsJa00
335,Ronnie Bell,SFO,WR,23,0,0,0,0,0,0,0,,0,5,4,51,12.75,1,1,0,1,15.1,137,,BellRo01
336,Tim Boyle,NYJ,QB,29,48,77,360,1,4,4,5,1.25,0,0,0,0,,0,2,0,0,10.9,49,,BoylTi00
337,Will Dissly,SEA,TE,27,0,0,0,0,0,0,0,,0,15,10,108,10.8,0,0,0,0,20.8,66,,DissWi00
338,Jalen Guyton,LAC,WR,26,0,0,0,0,0,0,0,,0,16,6,50,8.33,1,0,0,1,17,138,,GuytJa01
339,Tyler Scott,CHI,WR,22,0,0,0,0,0,6,44,7.33,0,20,10,81,8.1,0,1,1,0,20.5,139,,ScotTy00
340,Ben Skowronek,LAR,WR,26,0,0,0,0,0,2,9,4.5,0,10,6,44,7.33,1,0,0,1,17.3,136,,SkowBe00
341,Emanuel Wilson,GNB,RB,24,0,0,0,0,0,14,85,6.07,0,5,4,23,5.75,0,1,0,0,14.8,87,,WilsEm00
342,Parris Campbell,NYG,WR,26,0,0,0,0,0,0,0,,0,27,20,104,5.2,0,0,0,0,30.4,140,,CampPa00
343,J.K. Dobbins,BAL,RB,25,0,0,0,0,0,8,22,2.75,1,3,2,15,7.5,0,0,0,1,11.7,91,,DobbJK00
344,Melvin Gordon,BAL,RB,30,0,0,0,0,0,13,53,4.08,0,3,3,46,15.33,0,0,0,0,12.9,90,,GordMe00
345,Keaontay Ingram,ARI,RB,24,0,0,0,0,0,35,74,2.11,0,4,4,26,6.5,0,0,0,0,14,89,,IngrKe01
346,Will Mallory,IND,TE,24,0,0,0,0,0,0,0,,0,15,8,95,11.88,0,0,0,0,17.5,68,,MallWi00
347,Donovan Peoples-Jones,2TM,WR,24,0,0,0,0,0,0,0,,0,20,8,97,12.13,0,1,0,0,17.7,141,,PeopDo00
348,Jeremy Ruckert,NYJ,TE,23,0,0,0,0,0,0,0,,0,17,11,98,8.91,0,0,0,0,20.8,67,,RuckJe00
349,Patrick Taylor,GNB,RB,25,0,0,0,0,0,16,71,4.44,0,12,6,32,5.33,0,0,0,0,16.3,88,,TaylPa01
350,Chris Brooks,MIA,RB,23,0,0,0,0,0,15,94,6.27,0,0,0,0,,0,0,0,0,9.4,92,,BrooCh00
351,Lawrence Cager,NYG,TE,26,0,0,0,0,0,0,0,,0,4,3,27,9,1,0,0,1,11.7,71,,CageLa01
352,Xavier Hutchinson,HOU,WR,23,0,0,0,0,0,4,44,11,0,4,2,43,21.5,0,0,0,0,10.7,144,,HutcXa00
353,Quintin Morris,BUF,TE,24,0,0,0,0,0,0,0,,0,3,2,26,13,1,0,0,1,10.6,72,,MorrQu00
354,Brenton Strange,JAX,TE,23,0,0,0,0,0,0,0,,0,7,4,34,8.5,1,0,0,1,13.4,69,,StraBr00
355,Stephen Sullivan,CAR,TE,27,0,0,0,0,0,0,0,,0,10,8,90,11.25,0,0,0,0,17,70,,SullSt00
356,Tyquan Thornton,NWE,WR,23,0,0,0,0,0,2,42,21,0,18,8,51,6.38,0,0,0,0,17.3,142,,ThorTy00
357,Cedric Tillman,CLE,WR,23,0,0,0,0,0,1,8,8,0,20,9,85,9.44,0,0,0,0,18.3,143,,TillCe01
358,Raheem Blackshear,CAR,RB,24,0,0,0,0,0,12,36,3,0,5,5,41,8.2,0,0,0,0,12.7,95,,BlacRa00
359,Chase Edmonds,TAM,RB,27,0,0,0,0,0,21,55,2.62,0,8,6,26,4.33,0,0,0,0,14.1,94,,EdmoCh00
360,Alec Ingold,MIA,FB,27,0,0,0,0,0,2,0,0,0,11,9,76,8.44,0,0,0,0,16.6,96,,IngoAl01
361,Julio Jones,PHI,WR,34,0,0,0,0,0,0,0,,0,8,5,16,3.2,1,0,0,1,12.6,147,,JoneJu02
362,Hunter Luepke,DAL,RB,23,0,0,0,0,0,3,13,4.33,1,3,2,10,5,0,0,0,1,10.3,93,,LuepHu00
363,Isaiah McKenzie,IND,WR,28,0,0,0,0,0,3,14,4.67,0,14,11,82,7.45,0,2,1,0,18.6,148,,McKeIs00
364,Ronnie Rivers,LAR,RB,24,0,0,0,0,0,13,57,4.38,0,4,4,18,4.5,0,0,0,0,11.5,97,,RiveRo01
365,Sterling Shepard,NYG,WR,30,0,0,0,0,0,0,0,,0,16,7,39,5.57,1,1,1,1,14.9,146,,ShepSt00
366,Ben Sims,GNB,TE,23,0,0,0,0,0,0,0,,0,4,3,15,5,1,0,0,1,10.5,73,,SimsBe00
367,Samori Toure,GNB,WR,25,0,0,0,0,0,0,0,,0,11,5,62,12.4,0,0,0,0,13.2,145,,TourSa00
368,Jamal Agnew,JAX,WR,28,0,0,0,0,0,4,-2,-0.5,0,12,9,90,10,0,1,1,0,15.8,151,,AgneJa00
369,Nick Bawden,NYJ,FB,27,0,0,0,0,0,1,1,1,1,2,2,13,6.5,0,0,0,1,9.4,98,,BawdNi00
370,Gary Brightwell,NYG,RB,24,0,0,0,0,0,9,19,2.11,0,7,5,47,9.4,0,0,0,0,11.6,102,,BrigGa00
371,Chase Brown,CIN,RB,23,0,0,0,0,0,11,67,6.09,0,3,3,7,2.33,0,0,0,0,10.4,99,,BrowCh10
372,Josiah Deguara,GNB,TE,26,0,0,0,0,0,0,0,,0,8,8,65,8.13,0,0,0,0,14.5,75,,DeguJo00
373,Simi Fehoko,LAC,WR,26,0,0,0,0,0,0,0,,0,2,1,9,9,1,0,0,1,7.9,150,,FehoSi00
374,Malik Heath,GNB,WR,23,0,0,0,0,0,0,0,,0,12,6,68,11.33,0,0,0,0,12.8,152,,HeatMa00
375,Tyler Huntley,BAL,QB,25,5,8,38,1,0,6,16,2.67,0,0,0,0,,0,0,0,0,7.1,51,,HuntTy01
376,Charlie Jones,CIN,WR,25,0,0,0,0,0,0,0,,0,2,1,6,6,0,0,0,1,7.6,153,,JoneCh11
377,Ihmir Smith-Marsette,CAR,WR,24,0,0,0,0,0,0,0,,0,1,1,14,14,0,1,0,1,8.4,149,,SmitIh00
378,Geoff Swaim,ARI,TE,30,0,0,0,0,0,0,0,,0,10,9,68,7.56,0,0,0,0,15.8,74,,SwaiGe00
379,Clayton Tune,ARI,QB,24,12,21,62,0,2,6,29,4.83,1,0,0,0,,0,1,1,1,7.4,50,,TuneCl00
380,Deuce Vaughn,DAL,RB,22,0,0,0,0,0,21,38,1.81,0,6,6,30,5,0,0,0,0,12.8,100,,VaugDe00
381,Trayveon Williams,CIN,RB,26,0,0,0,0,0,12,59,4.92,0,7,5,9,1.8,0,0,0,0,11.8,101,,WillTr06
382,Blake Bell,KAN,TE,32,0,0,0,0,0,0,0,,0,5,3,19,6.33,1,1,1,1,8.9,76,,BellBl00
383,Mike Boone,HOU,RB,28,0,0,0,0,0,5,23,4.6,0,9,7,40,5.71,0,1,0,0,13.3,104,,BoonMi00
384,Jalen Brooks,DAL,WR,23,0,0,0,0,0,0,0,,0,5,5,63,12.6,0,0,0,0,11.3,154,,BrooJa03
385,Rakim Jarrett,TAM,WR,22,0,0,0,0,0,1,0,0,0,9,4,60,15,0,0,0,0,10,155,,JarrRa00
386,Robert Tonyan,CHI,TE,29,0,0,0,0,0,0,0,,0,10,7,58,8.29,0,0,0,0,12.8,77,,TonyRo00
387,Zamir White,LVR,RB,24,0,0,0,0,0,18,46,2.56,0,6,6,38,6.33,0,1,1,0,12.4,103,,WhitZa01
388,Damien Williams,ARI,RB,31,0,0,0,0,0,11,43,3.91,0,2,2,12,6,0,0,0,0,7.5,105,,WillDa05
389,Jordan Akins,CLE,TE,31,0,0,0,0,0,0,0,,0,12,7,51,7.29,0,0,0,0,12.1,79,,AkinJo00
390,David Bell,CLE,WR,23,0,0,0,0,0,0,0,,0,11,6,45,7.5,0,0,0,0,10.5,162,,BellDa02
391,Lynn Bowden Jr.,NOR,WR,26,0,0,0,0,0,4,34,8.5,0,5,2,17,8.5,0,0,0,0,7.1,159,,BowdLy00
392,DeAndre Carter,LVR,WR,30,0,0,0,0,0,3,18,6,0,6,3,36,12,0,1,0,0,8.4,156,,CartDe02
393,Alex Erickson,LAC,WR,31,0,0,0,0,0,0,0,,0,5,3,52,17.33,0,0,0,0,8.2,158,,EricAl01
394,Elijah Higgins,ARI,TE,23,0,0,0,0,0,0,0,,0,8,4,49,12.25,0,0,0,0,8.9,81,,HiggEl00
395,Brian Hoyer,LVR,QB,38,23,42,231,0,2,3,-3,-1,0,0,0,0,,0,0,0,0,4.9,52,,HoyeBr00
396,Ty Montgomery,NWE,WR,30,0,0,0,0,0,3,9,3,0,12,5,40,8,0,0,0,0,9.9,160,,MontTy01
397,Johnny Mundt,MIN,TE,29,0,0,0,0,0,0,0,,0,5,5,45,9,0,0,0,0,9.5,82,,MundJo00
398,Dare Ogunbowale,HOU,RB,29,0,0,0,0,0,3,5,1.67,0,1,1,14,14,0,0,0,0,5.9,106,,OgunDa00
399,Patrick Ricard,BAL,FB,29,0,0,0,0,0,0,0,,0,5,4,48,12,0,0,0,0,8.8,107,,RicaPa00
400,Brett Rypien,LAR,QB,27,18,38,172,0,1,3,19,6.33,0,0,0,0,,0,2,1,0,4.8,53,,RypiBr00
401,Trent Sherfield,BUF,WR,27,0,0,0,0,0,0,0,,0,13,7,53,7.57,0,0,0,0,12.3,157,,SherTr00
402,Isaiah Spiller,LAC,RB,22,0,0,0,0,0,12,27,2.25,0,3,3,20,6.67,0,0,0,0,7.7,108,,SpilIs00
403,Mike Strachan,CAR,WR,26,0,0,0,0,0,0,0,,0,3,1,45,45,0,0,0,0,5.5,163,,StraMi03
404,Ian Thomas,CAR,TE,27,0,0,0,0,0,0,0,,0,6,4,51,12.75,0,0,0,0,9.1,80,,ThomIa00
405,Darnell Washington,PIT,TE,22,0,0,0,0,0,0,0,,0,9,6,53,8.83,0,0,0,0,11.3,78,,WashDa03
406,Quez Watkins,PHI,WR,25,0,0,0,0,0,0,0,,0,9,7,49,7,0,0,0,0,11.9,161,,WatkQu00
407,C.J. Beathard,JAX,QB,30,12,14,77,0,0,4,5,1.25,0,0,0,0,,0,1,0,0,3.6,55,,BeatC.00
408,Randall Cobb,NYJ,WR,33,0,0,0,0,0,0,0,,0,12,3,20,6.67,0,0,0,0,7,167,,CobbRa00
409,Marquise Goodwin,CLE,WR,33,0,0,0,0,0,4,33,8.25,0,11,3,10,3.33,0,0,0,0,7.3,166,,GoodMa00
410,Tim Jones,JAX,WR,25,0,0,0,0,0,0,0,,0,10,7,44,6.29,0,0,0,0,11.4,164,,JoneTi00
411,Equanimeous St. Brown,CHI,WR,27,0,0,0,0,0,0,0,,0,5,4,44,11,0,0,0,0,8.4,165,,St.BEq00
412,Ke'Shawn Vaughn,TAM,RB,26,0,0,0,0,0,24,42,1.75,0,5,2,2,1,0,0,0,0,6.4,109,,VaugKe00
413,Mike White,MIA,QB,28,3,4,70,1,1,5,-7,-1.4,0,0,0,0,,0,0,0,0,4.1,54,,WhitMi01
414,Khari Blasingame,CHI,FB,27,0,0,0,0,0,8,26,3.25,0,4,2,5,2.5,0,0,0,0,5.1,112,,BlasKh00
415,Michael Burton,DEN,FB,31,0,0,0,0,0,5,7,1.4,0,1,1,3,3,0,0,0,0,4,113,,BurtMi00
416,Greg Dulcich,DEN,TE,23,0,0,0,0,0,0,0,,0,4,3,25,8.33,0,0,0,0,5.5,88,,DulcGr00
417,Payne Durham,TAM,TE,23,0,0,0,0,0,0,0,,0,6,4,33,8.25,0,0,0,0,7.3,83,,DurhPa00
418,Devin Duvernay,BAL,WR,26,0,0,0,0,0,4,15,3.75,0,9,4,18,4.5,0,0,0,0,7.3,169,,DuveDe00
419,Eric Gray,NYG,RB,24,0,0,0,0,0,13,27,2.08,0,1,1,1,1,0,3,0,0,3.8,114,,GrayEr01
420,Jaren Hall,MIN,QB,25,8,10,101,0,0,4,10,2.5,0,0,0,0,,0,1,1,0,3,57,,HallJa00
421,Mecole Hardman,2TM,WR,25,0,0,0,0,0,1,3,3,0,13,9,47,5.22,0,1,1,0,12,172,,HardMe00
422,Brycen Hopkins,LAR,TE,26,0,0,0,0,0,0,0,,0,4,3,31,10.33,0,0,0,0,6.1,85,,HopkBr01
423,Trishton Jackson,MIN,WR,25,0,0,0,0,0,0,0,,0,4,2,9,4.5,0,0,0,0,4.9,173,,JackTr02
424,Velus Jones Jr.,CHI,WR,26,0,0,0,0,0,4,22,5.5,0,5,3,9,3,0,0,0,0,6.1,171,,JoneVe00
425,Teagan Quitoriano,HOU,TE,23,0,0,0,0,0,0,0,,0,3,2,33,16.5,0,0,0,0,5.3,84,,QuitTe00
426,Jalen Reagor,NWE,WR,24,0,0,0,0,0,0,0,,0,11,3,33,11,0,0,0,0,6.3,170,,ReagJa00
427,Justyn Ross,KAN,WR,24,0,0,0,0,0,0,0,,0,6,3,34,11.33,0,0,0,0,6.4,168,,RossJu00
428,Trey Sermon,IND,RB,24,0,0,0,0,0,8,24,3,0,4,1,4,4,0,0,0,0,3.8,115,,SermTr00
429,Steven Sims,HOU,WR,26,0,0,0,0,0,0,0,,0,2,2,25,12.5,0,0,0,0,4.5,174,,SimsSt00
430,Keith Smith,ATL,FB,31,0,0,0,0,0,0,0,,0,3,3,33,11,0,0,0,0,6.3,110,,SmitKe03
431,Jack Stoll,PHI,TE,25,0,0,0,0,0,0,0,,0,7,4,27,6.75,0,0,0,0,6.7,87,,StolJa00
432,Sean Tucker,TAM,RB,22,0,0,0,0,0,15,23,1.53,0,2,2,9,4.5,0,0,0,0,5.2,111,,TuckSe00
433,Mitchell Wilcox,CIN,TE,27,0,0,0,0,0,0,0,,0,7,5,30,6,0,0,0,0,8,86,,WilcMi01
434,Malik Willis,TEN,QB,24,4,5,74,0,0,5,21,4.2,0,0,0,0,,0,1,1,0,3.1,56,,WillMa12
435,Israel Abanikanda,NYJ,RB,21,0,0,0,0,0,1,11,11,0,2,1,5,5,0,0,0,0,2.6,124,,AbanIs00
436,Nate Adkins,DEN,TE,24,0,0,0,0,0,0,0,,0,5,4,22,5.5,0,0,0,0,6.2,90,,AdkiNa00
437,Kayshon Boutte,NWE,WR,21,0,0,0,0,0,0,0,,0,7,2,19,9.5,0,0,0,0,3.9,178,,BoutKa00
438,Jason Brownlee,NYJ,WR,24,0,0,0,0,0,0,0,,0,2,2,20,10,0,0,0,0,4,177,,BrowJa07
439,DeeJay Dallas,SEA,RB,25,0,0,0,0,0,9,34,3.78,0,9,6,26,4.33,0,2,2,0,8,121,,DallDe00
440,Tyrion Davis-Price,SFO,RB,23,0,0,0,0,0,6,21,3.5,0,0,0,0,,0,0,0,0,2.1,119,,DaviTy03
441,Elijah Dotson,LAC,RB,24,0,0,0,0,0,4,6,1.5,0,2,2,13,6.5,0,0,0,0,3.9,122,,DotsEl00
442,Zach Evans,LAR,RB,22,0,0,0,0,0,8,16,2,0,0,0,0,,0,0,0,0,1.6,125,,EvanZa00
443,Erik Ezukanma,MIA,WR,23,0,0,0,0,0,5,22,4.4,0,1,0,0,,0,0,0,0,2.2,175,,EzukEr00
444,Jake Funk,IND,RB,25,0,0,0,0,0,2,10,5,0,1,1,12,12,0,0,0,0,3.2,117,,FunkJa00
445,Derrick Gore,WAS,RB,29,0,0,0,0,0,2,23,11.5,0,0,0,0,,0,0,0,0,2.3,116,,GoreDe00
446,C.J. Ham,MIN,FB,30,0,0,0,0,0,0,0,,0,8,6,19,3.17,0,0,0,0,7.9,123,,HamxC.00
447,Julian Hill,MIA,TE,23,0,0,0,0,0,0,0,,0,6,4,37,9.25,0,1,1,0,5.7,92,,HillJu02
448,Marvin Jones,DET,WR,33,0,0,0,0,0,0,0,,0,10,5,35,7,0,1,1,0,6.5,181,,JoneMa02
449,Keith Kirkwood,NOR,WR,29,0,0,0,0,0,0,0,,0,7,3,21,7,0,0,0,0,5.1,176,,KirkKe00
450,Zonovan Knight,DET,RB,22,0,0,0,0,0,3,13,4.33,0,1,1,8,8,0,0,0,0,3.1,120,,KnigZo00
451,Marcedes Lewis,CHI,TE,39,0,0,0,0,0,0,0,,0,3,2,24,12,0,0,0,0,4.4,89,,LewiMa00
452,Drew Lock,SEA,QB,27,4,12,66,0,1,1,11,11,0,0,0,0,,0,0,0,0,1.7,59,,LockDr00
453,Chris Manhertz,DEN,TE,31,0,0,0,0,0,0,0,,0,4,2,16,8,0,0,0,0,3.6,93,,ManhCh00
454,Jalen Nailor,MIN,WR,24,0,0,0,0,0,0,0,,0,1,1,16,16,0,0,0,0,2.6,180,,NailJa00
455,Zach Pascal,ARI,WR,29,0,0,0,0,0,0,0,,0,11,4,19,4.75,0,0,0,0,5.9,179,,PascZa00
456,Rashaad Penny,PHI,RB,27,0,0,0,0,0,5,17,3.4,0,1,1,5,5,0,0,0,0,3.2,118,,PennRa00
457,Cooper Rush,DAL,QB,30,15,20,114,0,1,12,-5,-0.42,0,0,0,0,,0,0,0,0,2.1,58,,RushCo00
458,Trevon Wesco,TEN,TE,28,0,0,0,0,0,0,0,,0,3,1,21,21,0,0,0,0,3.1,91,,WescTr00
459,Davis Allen,LAR,TE,22,0,0,0,0,0,0,0,,0,1,1,6,6,0,0,0,0,1.6,97,,AlleDa02
460,Miles Boykin,PIT,WR,27,0,0,0,0,0,0,0,,0,3,2,11,5.5,0,0,0,0,3.1,183,,BoykMi00
461,Jashaun Corbin,NYG,RB,23,0,0,0,0,0,1,1,1,0,3,3,12,4,0,0,0,0,4.3,126,,CorbJa01
462,Kenyan Drake,BAL,RB,29,0,0,0,0,0,1,0,0,0,3,2,31,15.5,0,1,1,0,3.1,129,,DrakKe00
463,Ross Dwelley,SFO,TE,28,0,0,0,0,0,0,0,,0,2,1,12,12,0,0,0,0,2.2,95,,DwelRo00
464,D'Wayne Eskridge,SEA,WR,26,0,0,0,0,0,2,5,2.5,0,1,0,0,,0,0,0,0,0.5,187,,EskrDW00
465,Chris Evans,CIN,RB,26,0,0,0,0,0,2,12,6,0,1,1,-1,-1,0,0,0,0,2.1,130,,EvanCh02
466,Tyler Goodson,IND,RB,23,0,0,0,0,0,0,0,,0,2,2,11,5.5,0,0,0,0,3.1,131,,GoodTy00
467,Evan Hull,IND,RB,23,0,0,0,0,0,1,1,1,0,1,1,6,6,0,0,0,0,1.7,134,,HullEv00
468,Jakob Johnson,LVR,FB,29,0,0,0,0,0,0,0,,0,2,1,12,12,0,0,0,0,2.2,128,,JohnJa12
469,Charlie Kolar,BAL,TE,24,0,0,0,0,0,0,0,,0,2,1,13,13,0,0,0,0,2.3,94,,KolaCh00
470,Marcus Mariota,PHI,QB,30,2,3,16,0,0,2,6,3,0,0,0,0,,0,0,0,0,1.2,61,,MariMa01
471,Anthony McFarland Jr.,PIT,RB,24,0,0,0,0,0,0,0,,0,2,2,11,5.5,0,0,0,0,3.1,132,,McFaAn00
472,Davis Mills,HOU,QB,25,2,2,20,0,0,0,0,,0,0,0,0,,0,0,0,0,0.8,62,,MillDa02
473,Kene Nwangwu,MIN,RB,25,0,0,0,0,0,2,9,4.5,0,0,0,0,,0,0,0,0,0.9,133,,NwanKe00
474,Devine Ozigbo,DET,RB,27,0,0,0,0,0,3,5,1.67,0,1,1,8,8,0,0,0,0,2.3,127,,OzigDe01
475,Eric Saubert,2TM,TE,29,0,0,0,0,0,0,0,,0,1,1,5,5,0,0,0,0,1.5,98,,SaubEr00
476,Trevor Siemian,NYJ,QB,32,5,13,66,0,0,1,8,8,0,0,0,0,,0,3,1,0,1.4,60,,SiemTr00
477,Willie Snead,SFO,WR,31,0,0,0,0,0,0,0,,0,1,1,9,9,0,0,0,0,1.9,185,,SneaWi00
478,Malik Taylor,NYJ,WR,28,0,0,0,0,0,0,0,,0,4,2,13,6.5,0,0,0,0,3.3,182,,TaylMa01
479,Cody Thompson,SEA,WR,27,0,0,0,0,0,0,0,,0,1,1,10,10,0,0,0,0,2,184,,ThomCo04
480,Austin Trammell,LAR,WR,25,0,0,0,0,0,0,0,,0,7,4,29,7.25,0,1,1,0,4.9,186,,TramAu00
481,Charlie Woerner,SFO,TE,26,0,0,0,0,0,0,0,,0,1,1,9,9,0,0,0,0,1.9,96,,WoerCh00
482,Devon Allen,PHI,WR,29,0,0,0,0,0,0,0,,0,0,0,0,,0,0,0,0,,190,,AlleDe02
483,Stephen Anderson,LAC,TE,30,0,0,0,0,0,0,0,,0,0,0,0,,0,0,0,0,,101,,AndeSt01
484,Alex Armah,WAS,RB,29,0,0,0,0,0,0,0,,0,2,2,3,1.5,0,0,0,0,2.3,135,,ArmaAl00
485,Andre Baccellia,ARI,WR,26,0,0,0,0,0,0,0,,0,0,0,0,,0,0,0,0,,191,,BaccAn00
486,Nick Bellore,SEA,FB,34,0,0,0,0,0,0,0,,0,0,0,0,,0,0,0,0,,139,,BellNi01
487,Brandon Bolden,LVR,RB,33,0,0,0,0,0,0,0,,0,0,0,0,,0,0,0,0,,140,,BoldBr00
488,Teddy Bridgewater,DET,QB,31,0,0,0,0,0,2,-2,-1,0,0,0,0,,0,0,0,0,-0.2,69,,BridTe00
489,Jacoby Brissett,WAS,QB,31,0,0,0,0,0,0,0,,0,0,0,0,,0,0,0,0,,65,,BrisJa00
490,Matt Bushman,KAN,TE,28,0,0,0,0,0,0,0,,0,0,0,0,,0,0,0,0,,102,,BushMa00
491,Terrell Bynum,LAC,WR,25,0,0,0,0,0,0,0,,0,0,0,0,,0,0,0,0,,192,,BynuTe00
492,Damiere Byrd,ATL,WR,30,0,0,0,0,0,0,0,,0,2,0,0,,0,0,0,0,,193,,ByrdDa00
493,Jason Cabinda,DET,FB,27,0,0,0,0,0,1,0,0,0,0,0,0,,0,0,0,0,,141,,CabiJa00
494,Grant Calcaterra,PHI,TE,25,0,0,0,0,0,0,0,,0,0,0,0,,0,0,0,0,,103,,CalcGr00
495,Marquez Callaway,NOR,WR,25,0,0,0,0,0,0,0,,0,0,0,0,,0,0,0,0,,194,,CallMa01
496,Stephen Carlson,CHI,TE,27,0,0,0,0,0,0,0,,0,0,0,0,,0,0,0,0,,104,,CarlSt00
497,Irvin Charles,NYJ,WR,26,0,0,0,0,0,0,0,,0,0,0,0,,0,0,0,0,,195,,CharIr00
498,Julius Chestnut,TEN,RB,23,0,0,0,0,0,0,0,,0,0,0,0,,0,0,0,0,,142,,ChesJu00
499,Dan Chisena,ARI,WR,26,0,0,0,0,0,0,0,,0,0,0,0,,0,0,0,0,,196,,ChisDa00
500,Corey Clement,ARI,RB,29,0,0,0,0,0,0,0,,0,0,0,0,,0,0,0,0,,143,,ClemCo00
501,Sean Clifford,GNB,QB,25,0,0,0,0,0,1,0,0,0,0,0,0,,0,1,0,0,,66,,ClifSe00
502,Chris Conley,SFO,WR,31,0,0,0,0,0,0,0,,0,0,0,0,,0,0,0,0,,197,,ConlCh00
503,Tanner Conner,MIA,TE,25,0,0,0,0,0,0,0,,0,0,0,0,,0,0,0,0,,105,,ConnTa00
504,Elijah Cooks,JAX,WR,25,0,0,0,0,0,0,0,,0,0,0,0,,0,0,0,0,,198,,CookEl00
505,Britain Covey,PHI,WR,26,0,0,0,0,0,0,0,,0,0,0,0,,0,1,0,0,,199,,CoveBr00
506,Malik Cunningham,NWE,QB,25,0,0,0,0,0,0,0,,0,0,0,0,,0,0,0,0,,63,,CunnMa00
507,Darrell Daniels,DET,TE,29,0,0,0,0,0,0,0,,0,0,0,0,,0,0,0,0,,106,,DaniDa02
508,Frank Darby,ATL,WR,26,0,0,0,0,0,0,0,,0,0,0,0,,0,0,0,0,,200,,DarbFr00
509,Jaelon Darden,CLE,WR,24,0,0,0,0,0,0,0,,0,0,0,0,,0,0,0,0,,201,,DardJa00
510,Malik Davis,DAL,RB,25,0,0,0,0,0,0,0,,0,0,0,0,,0,0,0,0,,144,,DaviMa02
511,Phillip Dorsett,DEN,WR,30,0,0,0,0,0,0,0,,0,1,0,0,,0,0,0,0,,202,,DorsPh00
512,Keelan Doss,LAC,WR,27,0,0,0,0,0,0,0,,0,0,0,0,,0,0,0,0,,203,,DossKe00
513,Colton Dowell,TEN,WR,24,0,0,0,0,0,0,0,,0,1,0,0,,0,0,0,0,,204,,DoweCo00
514,Dylan Drummond,DET,WR,23,0,0,0,0,0,0,0,,0,0,0,0,,0,0,0,0,,205,,DrumDy00
515,Princeton Fant,DAL,TE,24,0,0,0,0,0,0,0,,0,0,0,0,,0,0,0,0,,107,,FantPr00
516,Tucker Fisk,ATL,TE,24,0,0,0,0,0,0,0,,0,0,0,0,,0,0,0,0,,108,,FiskTu00
517,Dez Fitzpatrick,PIT,WR,26,0,0,0,0,0,0,0,,0,0,0,0,,0,0,0,0,,206,,FitzDe00
518,John FitzPatrick,ATL,TE,23,0,0,0,0,0,0,0,,0,0,0,0,,0,0,0,0,,109,,FitzJo00
519,Myles Gaskin,2TM,RB,26,0,0,0,0,0,0,0,,0,0,0,0,,0,0,0,0,,145,,GaskMy00
520,Reggie Gilliam,BUF,FB,26,0,0,0,0,0,0,0,,0,1,1,3,3,0,0,0,0,1.3,136,,GillRe00
521,Antoine Green,DET,WR,24,0,0,0,0,0,0,0,,0,2,1,2,2,0,0,0,0,1.2,188,,GreeAn00
522,Jacob Harris,JAX,WR,26,0,0,0,0,0,0,0,,0,0,0,0,,0,0,0,0,,207,,HarrJa03
523,N'Keal Harry,MIN,WR,26,0,0,0,0,0,0,0,,0,0,0,0,,0,0,0,0,,208,,HarrNK00
524,Jamycal Hasty,JAX,RB,27,0,0,0,0,0,0,0,,0,2,0,0,,0,0,0,0,,146,,HastJa02
525,Peyton Hendershot,DAL,TE,24,0,0,0,0,0,1,0,0,0,2,1,3,3,0,0,0,0,1.3,100,,HendPe01
526,Parker Hesse,ATL,TE,28,0,0,0,0,0,0,0,,0,0,0,0,,0,0,0,0,,110,,HessPa00
527,J.P. Holtz,NOR,TE,30,0,0,0,0,0,0,0,,0,0,0,0,,0,0,0,0,,111,,HoltJ.01
528,Travis Homer,CHI,RB,25,0,0,0,0,0,0,0,,0,1,0,0,,0,0,0,0,,147,,HomeTr00
529,Jesper Horsted,LVR,TE,26,0,0,0,0,0,0,0,,0,1,1,4,4,0,0,0,0,1.4,99,,HorsJe00
530,Mohamed Ibrahim,DET,RB,25,0,0,0,0,0,0,0,,0,0,0,0,,0,0,0,0,,148,,IbraMo00
531,Godwin Igwebuike,2TM,RB,29,0,0,0,0,0,0,0,,0,0,0,0,,0,0,0,0,,149,,IgweGo00
532,Andy Isabella,BUF,WR,27,0,0,0,0,0,0,0,,0,0,0,0,,0,0,0,0,,209,,IsabAn00
533,Kearis Jackson,TEN,WR,24,0,0,0,0,0,0,0,,0,0,0,0,,0,0,0,0,,210,,JackKe02
534,Shedrick Jackson,CIN,WR,24,0,0,0,0,0,0,0,,0,1,0,0,,0,0,0,0,,211,,JackSh01
535,Tyree Jackson,NYG,TE,26,0,0,0,0,0,0,0,,0,0,0,0,,0,0,0,0,,112,,JackTy01
536,Richie James,KAN,WR,28,0,0,0,0,0,0,0,,0,5,2,18,9,0,1,1,0,1.8,232,,JameRi00
537,Taiwan Jones,NYG,RB,35,0,0,0,0,0,0,0,,0,0,0,0,,0,0,0,0,,150,,JoneTa00
538,Hunter Kampmoyer,LAC,TE,25,0,0,0,0,0,0,0,,0,0,0,0,,0,0,0,0,,113,,KampHu00
539,Dalton Keene,HOU,TE,24,0,0,0,0,0,0,0,,0,0,0,0,,0,0,0,0,,114,,KeenDa00
540,Ko Kieft,TAM,TE,25,0,0,0,0,0,0,0,,0,3,0,0,,0,0,0,0,,115,,KiefKo00
541,Mason Kinsey,TEN,WR,25,0,0,0,0,0,0,0,,0,0,0,0,,0,0,0,0,,212,,KinsMa00
542,Tyler Kroft,MIA,TE,31,0,0,0,0,0,0,0,,0,0,0,0,,0,0,0,0,,116,,KrofTy00
543,Lucas Krull,DEN,TE,25,0,0,0,0,0,0,0,,0,2,0,0,,0,0,0,0,,117,,KrulLu00
544,Kwamie Lassiter II,CIN,WR,25,0,0,0,0,0,0,0,,0,1,1,2,2,0,0,0,0,1.2,189,,LassKw00
545,Hunter Long,LAR,TE,25,0,0,0,0,0,0,0,,0,0,0,0,,0,0,0,0,,118,,LongHu00
546,Jordan Matthews,CAR,TE,31,0,0,0,0,0,0,0,,0,0,0,0,,0,0,0,0,,119,,MattJo00
547,Kenny McIntosh,SEA,RB,23,0,0,0,0,0,0,0,,0,0,0,0,,0,0,0,0,,151,,McInKe00
548,Sean McKeon,DAL,TE,26,0,0,0,0,0,0,0,,0,2,0,0,,0,0,0,0,,120,,McKeSe01
549,Tre' McKitty,LAC,TE,24,0,0,0,0,0,0,0,,0,0,0,0,,0,0,0,0,,121,,McKiTr00
550,Bo Melton,GNB,WR,24,0,0,0,0,0,0,0,,0,0,0,0,,0,0,0,0,,213,,MeltBo00
551,Kirk Merritt,NOR,WR,26,0,0,0,0,0,0,0,,0,0,0,0,,0,0,0,0,,214,,MerrKi00
552,Ryan Miller,TAM,WR,23,0,0,0,0,0,0,0,,0,0,0,0,,0,0,0,0,,215,,MillRy01
553,Jordan Mims,NOR,RB,24,0,0,0,0,0,0,0,,0,0,0,0,,0,0,0,0,,152,,MimsJo00
554,James Mitchell,DET,TE,24,0,0,0,0,0,0,0,,0,0,0,0,,0,0,0,0,,122,,MitcJa00
555,D.J. Montgomery,IND,WR,27,0,0,0,0,0,0,0,,0,0,0,0,,0,0,0,0,,216,,MontDJ01
556,David Moore,TAM,WR,28,0,0,0,0,0,0,0,,0,1,0,0,,0,0,0,0,,217,,MoorDa03
557,Stanley Morgan Jr.,CIN,WR,27,0,0,0,0,0,0,0,,0,0,0,0,,0,0,0,0,,218,,MorgSt02
558,Albert Okwuegbunam,PHI,TE,25,0,0,0,0,0,0,0,,0,1,0,0,,0,0,0,0,,123,,OkwuAl00
559,Qadree Ollison,PIT,RB,27,0,0,0,0,0,0,0,,0,0,0,0,,0,0,0,0,,153,,OlliQa00
560,Henry Pearson,GNB,FB,24,0,0,0,0,0,0,0,,0,0,0,0,,0,0,0,0,,154,,PearHe00
561,Josh Pederson,JAX,TE,26,0,0,0,0,0,0,0,,0,0,0,0,,0,0,0,0,,124,,PedeJo00
562,La'Mical Perine,KAN,RB,25,0,0,0,0,0,1,1,1,0,1,0,0,,0,0,0,0,0.1,138,,PeriLa00
563,Nathan Peterman,CHI,QB,29,0,0,0,0,0,2,-4,-2,0,0,0,0,,0,1,0,0,-0.4,70,,PeteNa00
564,Kevin Rader,TEN,TE,28,0,0,0,0,0,0,0,,0,0,0,0,,0,0,0,0,,125,,RadeKe00
565,Giovanni Ricci,CAR,FB,27,0,0,0,0,0,0,0,,0,1,1,2,2,0,0,0,0,1.2,137,,RiccGi00
566,James Robinson,GNB,RB,25,0,0,0,0,0,1,2,2,0,1,1,-2,-2,0,0,0,0,1,155,,RobiJa00
567,Aaron Rodgers,NYJ,QB,40,0,1,0,0,0,0,0,,0,0,0,0,,0,0,0,0,,67,,RodgAa00
568,Amari Rodgers,IND,WR,24,0,0,0,0,0,0,0,,0,2,0,0,,0,0,0,0,,219,,RodgAm00
569,Brady Russell,SEA,TE,25,0,0,0,0,0,0,0,,0,0,0,0,,0,0,0,0,,126,,RussBr00
570,David Sills,DEN,WR,27,0,0,0,0,0,0,0,,0,0,0,0,,0,0,0,0,,220,,SillDa01
571,Matthew Slater,NWE,WR,38,0,0,0,0,0,0,0,,0,0,0,0,,0,0,0,0,,221,,SlatMa00
572,Tre'Quan Smith,DEN,WR,27,0,0,0,0,0,0,0,,0,0,0,0,,0,0,0,0,,222,,SmitTr03
573,Trent Taylor,CHI,WR,29,0,0,0,0,0,1,-2,-2,0,2,0,0,,0,0,0,0,-0.2,233,,TaylTr02
574,SaRodorick Thompson,SEA,RB,24,0,0,0,0,0,0,0,,0,0,0,0,,0,0,0,0,,156,,ThomSa00
575,Mitchell Tinsley,WAS,WR,24,0,0,0,0,0,0,0,,0,0,0,0,,0,0,0,0,,223,,TinsMi00
576,Noah Togiai,PHI,TE,26,0,0,0,0,0,0,0,,0,0,0,0,,0,0,0,0,,127,,TogiNo00
577,Kyle Trask,TAM,QB,25,0,1,0,0,0,1,-1,-1,0,0,0,0,,0,0,0,0,-0.1,68,,TrasKy00
578,Laquon Treadwell,BAL,WR,28,0,0,0,0,0,0,0,,0,0,0,0,,0,0,0,0,,224,,TreaLa00
579,DJ Turner,LVR,WR,26,0,0,0,0,0,0,0,,0,0,0,0,,0,0,0,0,,225,,TurnDJ00
580,Nick Vannett,LAC,TE,30,0,0,0,0,0,0,0,,0,0,0,0,,0,0,0,0,,128,,VannNi00
581,Tylan Wallace,BAL,WR,24,0,0,0,0,0,0,0,,0,0,0,0,,0,0,0,0,,226,,WallTy00
582,Jonathan Ward,TEN,RB,26,0,0,0,0,0,0,0,,0,0,0,0,,0,0,0,0,,157,,WardJo00
583,Dwayne Washington,DEN,RB,29,0,0,0,0,0,0,0,,0,0,0,0,,0,0,0,0,,158,,WashDw00
584,Montrell Washington,KAN,WR,24,0,0,0,0,0,0,0,,0,0,0,0,,0,2,0,0,,227,,WashMo00
585,Carson Wentz,LAR,QB,31,0,0,0,0,0,0,0,,0,0,0,0,,0,0,0,0,,64,,WentCa00
586,Blake Whiteheart,ARI,TE,23,0,0,0,0,0,0,0,,0,0,0,0,,0,0,0,0,,129,,WhitBl01
587,Kristian Wilkerson,LVR,WR,26,0,0,0,0,0,0,0,,0,0,0,0,,0,0,0,0,,228,,WilkKr00
588,Brayden Willis,SFO,TE,24,0,0,0,0,0,0,0,,0,0,0,0,,0,0,0,0,,130,,WillBr06
589,Rodney Williams,PIT,TE,25,0,0,0,0,0,0,0,,0,2,0,0,,0,0,0,0,,131,,WillRo08
590,Juwann Winfree,IND,WR,27,0,0,0,0,0,0,0,,0,1,0,0,,0,0,0,0,,229,,WinfJu00
591,Easop Winston,SEA,WR,27,0,0,0,0,0,0,0,,0,0,0,0,,0,0,0,0,,230,,WinsEa00
592,Owen Wright,BAL,RB,24,0,0,0,0,0,0,0,,0,0,0,0,,0,0,0,0,,159,,WrigOw00
593,Dareke Young,SEA,WR,24,0,0,0,0,0,0,0,,0,0,0,0,,0,0,0,0,,231,,YounDa02
594,Kyle Allen,BUF,QB,27,0,0,0,0,0,9,-9,-1,0,0,0,0,,0,0,0,0,-0.9,72,,AlleKy00
595,Sam Darnold,SFO,QB,26,2,3,7,0,0,9,-9,-1,0,0,0,0,,0,0,0,0,-0.6,71,,DarnSa00
596,Deon Jackson,3TM,RB,24,0,0,0,0,0,14,16,1.14,0,6,5,14,2.8,0,2,2,0,4,160,,JackDe02
597,Adam Prentice,NOR,FB,26,0,0,0,0,0,1,5,5,0,2,1,5,5,0,1,1,0,,161,,PrenAd00
598,David Wells,TAM,TE,28,0,0,0,0,0,0,0,,0,2,2,-10,-5,0,1,0,0,1,132,,WellDa00
599,James Proche,CLE,WR,27,0,0,0,0,0,0,0,,0,1,0,0,,0,1,1,0,-2,234,,ProcJa00
600,Blaine Gabbert,KAN,QB,34,3,5,31,0,2,2,-1,-0.5,0,0,0,0,,0,0,0,0,-2.9,73,,GabbBl00
601,Gunner Olszewski,2TM,WR,27,0,0,0,0,0,0,0,,0,1,1,0,0,0,3,2,0,-3,235,,OlszGu00